pos,Codon,1AA
1,ATG,M
2,AAG,K
3,GCA,A
4,AAA,K
5,CTA,L
6,CTG,L
7,GTC,V
8,CTG,L
9,TTA,L
10,TAT,Y
11,GCA,A
12,TTT,F
13,GTA,V
14,GCT,A
15,ACA,T
16,GAT,D
17,GCA,A
18,GAC,D
19,ACA,T
20,ATA,I
21,TGT,C
22,ATA,I
23,GGC,G
24,TAC,Y
25,CAT,H
26,GCG,A
27,AAC,N
28,AAC,N
29,TCA,S
30,ACC,T
31,GAC,D
32,ACT,T
33,GTT,V
34,GAC,D
35,ACA,T
36,ATA,I
37,CTC,L
38,GAG,E
39,AAG,K
40,AAT,N
41,GTG,V
42,GCA,A
43,GTG,V
44,ACA,T
45,CAT,H
46,TCT,S
47,GTT,V
48,AAC,N
49,CTG,L
50,CTC,L
51,GAA,E
52,GAC,D
53,AGC,S
54,CAC,H
55,AAC,N
56,GGG,G
57,AAA,K
58,CTA,L
59,TGT,C
60,AAA,K
61,TTA,L
62,AAA,K
63,GGA,G
64,ATA,I
65,GCC,A
66,CCA,P
67,CTA,L
68,CAA,Q
69,TTG,L
70,GGG,G
71,AAA,K
72,TGT,C
73,AAC,N
74,ATC,I
75,ACC,T
76,GGA,G
77,TGG,W
78,CTC,L
79,TTG,L
80,GGA,G
81,AAT,N
82,CCA,P
83,GAA,E
84,TGC,C
85,GAC,D
86,TCA,S
87,CTG,L
88,CTT,L
89,CCA,P
90,GCG,A
91,AGA,R
92,TCA,S
93,TGG,W
94,TCC,S
95,TAC,Y
96,ATT,I
97,GTA,V
98,GAA,E
99,ACA,T
100,CCA,P
101,AAC,N
102,TCT,S
103,GAG,E
104,AAT,N
105,GGA,G
106,GCA,A
107,TGT,C
108,TAT,Y
109,CCA,P
110,GGA,G
111,GAT,D
112,CTC,L
113,ATC,I
114,GAC,D
115,TAT,Y
116,GAG,E
117,GAA,E
118,CTG,L
119,AGG,R
120,GAG,E
121,CAA,Q
122,TTG,L
123,AGC,S
124,TCA,S
125,GTA,V
126,TCA,S
127,TCA,S
128,TTA,L
129,GAA,E
130,AGA,R
131,TTC,F
132,GAA,E
133,ATA,I
134,TTT,F
135,CCC,P
136,AAG,K
137,GAA,E
138,AGT,S
139,TCA,S
140,TGG,W
141,CCC,P
142,AAC,N
143,CAC,H
144,ACA,T
145,TTC,F
146,AAC,N
147,GGA,G
148,GTA,V
149,ACA,T
150,GTA,V
151,TCA,S
152,TGC,C
153,TCC,S
154,CAT,H
155,AGG,R
156,GGA,G
157,AAA,K
158,AGC,S
159,AGT,S
160,TTT,F
161,TAC,Y
162,AGA,R
163,AAT,N
164,TTG,L
165,CTA,L
166,TGG,W
167,CTG,L
168,ACG,T
169,AAG,K
170,AAG,K
171,GGG,G
172,GAT,D
173,TCA,S
174,TAC,Y
175,CCA,P
176,AAG,K
177,CTG,L
178,ACC,T
179,AAT,N
180,TCC,S
181,TAT,Y
182,GTG,V
183,AAC,N
184,AAT,N
185,AAA,K
186,GGG,G
187,AAA,K
188,GAA,E
189,GTC,V
190,CTT,L
191,GTA,V
192,CTA,L
193,TGG,W
194,GGT,G
195,GTT,V
196,CAT,H
197,CAC,H
198,CCG,P
199,TCT,S
200,AGC,S
201,AGT,S
202,GAT,D
203,GAG,E
204,CAA,Q
205,CAG,Q
206,AGT,S
207,CTC,L
208,TAT,Y
209,AGT,S
210,AAT,N
211,GGA,G
212,AAT,N
213,GCT,A
214,TAT,Y
215,GTC,V
216,TCT,S
217,GTA,V
218,GCG,A
219,TCT,S
220,TCA,S
221,AAT,N
222,TAT,Y
223,AAC,N
224,AGG,R
225,AGA,R
226,TTC,F
227,ACC,T
228,CCG,P
229,GAA,E
230,ATA,I
231,GCT,A
232,GCA,A
233,AGG,R
234,CCC,P
235,AAA,K
236,GTA,V
237,AGA,R
238,GAT,D
239,CAA,Q
240,CAT,H
241,GGG,G
242,AGG,R
243,ATG,M
244,AAC,N
245,TAT,Y
246,TAC,Y
247,TGG,W
248,ACC,T
249,TTG,L
250,CTA,L
251,GAA,E
252,CCC,P
253,GGA,G
254,GAC,D
255,ACA,T
256,ATA,I
257,ATA,I
258,TTT,F
259,GAG,E
260,GCA,A
261,ACT,T
262,GGT,G
263,AAT,N
264,CTA,L
265,ATA,I
266,GCA,A
267,CCA,P
268,TGG,W
269,TAT,Y
270,GCT,A
271,TTC,F
272,GCA,A
273,CTG,L
274,AGT,S
275,AGA,R
276,GGG,G
277,TTT,F
278,GAG,E
279,TCC,S
280,GGC,G
281,ATC,I
282,ATC,I
283,ACC,T
284,TCA,S
285,AAC,N
286,GCG,A
287,TCA,S
288,ATG,M
289,CAT,H
290,GAG,E
291,TGT,C
292,AAC,N
293,ACG,T
294,AAG,K
295,TGT,C
296,CAA,Q
297,ACA,T
298,CCC,P
299,CAG,Q
300,GGA,G
301,GCT,A
302,ATA,I
303,AAC,N
304,AGC,S
305,AAT,N
306,CTC,L
307,CCT,P
308,TTC,F
309,CAG,Q
310,AAT,N
311,ATA,I
312,CAC,H
313,CCA,P
314,GTC,V
315,ACA,T
316,ATA,I
317,GGA,G
318,GAG,E
319,TGC,C
320,CCA,P
321,AAA,K
322,TAT,Y
323,GTC,V
324,AGG,R
325,AGT,S
326,ACC,T
327,AAA,K
328,TTG,L
329,AGG,R
330,ATG,M
331,GTT,V
332,ACA,T
333,GGA,G
334,CTA,L
335,AGA,R
336,AAC,N
337,ATC,I
338,CCA,P
339,TCC,S
340,ATT,I
341,CAA,Q
342,TAC,Y
343,AGA,R
344,GGT,G
345,CTA,L
346,TTT,F
347,GGA,G
348,GCC,A
349,ATT,I
350,GCT,A
351,GGT,G
352,TTT,F
353,ATT,I
354,GAG,E
355,GGG,G
356,GGA,G
357,TGG,W
358,ACT,T
359,GGA,G
360,ATG,M
361,ATA,I
362,GAT,D
363,GGA,G
364,TGG,W
365,TAT,Y
366,GGT,G
367,TAT,Y
368,CAT,H
369,CAT,H
370,CAG,Q
371,AAT,N
372,GAA,E
373,CAG,Q
374,GGA,G
375,TCA,S
376,GGC,G
377,TAT,Y
378,GCA,A
379,GCG,A
380,GAT,D
381,CAA,Q
382,AAA,K
383,AGC,S
384,ACA,T
385,CAA,Q
386,AAT,N
387,GCC,A
388,ATT,I
389,AAC,N
390,GGG,G
391,ATT,I
392,ACA,T
393,AAC,N
394,AAG,K
395,GTG,V
396,AAC,N
397,TCT,S
398,GTT,V
399,ATC,I
400,GAG,E
401,AAA,K
402,ATG,M
403,AAC,N
404,ACT,T
405,CAA,Q
406,TTC,F
407,ACA,T
408,GCT,A
409,GTG,V
410,GGT,G
411,AAA,K
412,GAA,E
413,TTC,F
414,AAC,N
415,AAC,N
416,TTA,L
417,GAA,E
418,AAA,K
419,AGG,R
420,ATG,M
421,GAA,E
422,AAT,N
423,TTA,L
424,AAT,N
425,AAA,K
426,AAA,K
427,GTT,V
428,GAT,D
429,GAT,D
430,GGG,G
431,TTT,F
432,CTG,L
433,GAC,D
434,ATT,I
435,TGG,W
436,ACA,T
437,TAT,Y
438,AAT,N
439,GCA,A
440,GAA,E
441,TTG,L
442,TTA,L
443,GTT,V
444,CTA,L
445,CTG,L
446,GAA,E
447,AAT,N
448,GAA,E
449,AGG,R
450,ACT,T
451,TTG,L
452,GAT,D
453,TTC,F
454,CAT,H
455,GAC,D
456,TTA,L
457,AAT,N
458,GTG,V
459,AAG,K
460,AAT,N
461,CTG,L
462,TAC,Y
463,GAG,E
464,AAA,K
465,GTA,V
466,AAA,K
467,AGC,S
468,CAA,Q
469,TTA,L
470,AAG,K
471,AAT,N
472,AAT,N
473,GCC,A
474,AAA,K
475,GAA,E
476,ATC,I
477,GGA,G
478,AAT,N
479,GGG,G
480,TGT,C
481,TTT,F
482,GAG,E
483,TTC,F
484,TAC,Y
485,CAC,H
486,AAG,K
487,TGT,C
488,GAC,D
489,AAT,N
490,GAA,E
491,TGC,C
492,ATG,M
493,GAA,E
494,AGT,S
495,GTA,V
496,AGA,R
497,AAT,N
498,GGG,G
499,ACT,T
500,TAT,Y
501,GAT,D
502,TAT,Y
503,CCA,P
504,AAA,K
505,TAT,Y
506,TCA,S
507,GAA,E
508,GAA,E
509,TCA,S
510,AAG,K
511,TTG,L
512,AAC,N
513,AGG,R
514,GAA,E
515,AAG,K
516,ATA,I
517,GAT,D
518,GGA,G
519,GTG,V
520,AAA,K
521,TTG,L
522,GAA,E
523,TCA,S
524,ATG,M
525,GGG,G
526,GTG,V
527,TAT,Y
528,CAG,Q
529,ATT,I
530,CTG,L
531,GCG,A
532,ATC,I
533,TAC,Y
534,TCA,S
535,ACT,T
536,GTC,V
537,GCC,A
538,AGT,S
539,TCA,S
540,CTG,L
541,GTG,V
542,CTT,L
543,TTG,L
544,GTC,V
545,TCC,S
546,CTG,L
547,GGG,G
548,GCA,A
549,ATC,I
550,AGT,S
551,TTC,F
552,TGG,W
553,ATG,M
554,TGT,C
555,TCT,S
556,AAT,N
557,GGG,G
558,TCT,S
559,TTG,L
560,CAG,Q
561,TGC,C
562,AGA,R
563,ATA,I
564,TGC,C
565,ATC,I
566,ATC,I